{
  "LDA": {
    "Ga": -2024.8184318912,
    "In": -1531.0836506708
  },
  "PBE": {
    "Ga": -2026.9161089911,
    "In": -1530.0779601179
  }
}
